{
  "consolidated_weather": [
    {
      "id": 4867182649409536,
      "weather_state_name": "Heavy Rain",
      "weather_state_abbr": "hr",
      "wind_direction_compass": "WSW",
      "created": "2020-02-12T13:33:13.663383Z",
      "applicable_date": "2020-02-12",
      "min_temp": 1.3050000000000002,
      "max_temp": 5.825,
      "the_temp": 4.355,
      "wind_speed": 11.29527010597842,
      "wind_direction": 257.4015129161688,
      "air_pressure": 1008.5,
      "humidity": 78,
      "visibility": 15.520609639704128,
      "predictability": 77
    },
    {
      "id": 4697846852878336,
      "weather_state_name": "Light Rain",
      "weather_state_abbr": "lr",
      "wind_direction_compass": "NE",
      "created": "2020-02-12T13:33:16.250711Z",
      "applicable_date": "2020-02-13",
      "min_temp": 2.575,
      "max_temp": 6.0600000000000005,
      "the_temp": 4.595,
      "wind_speed": 11.13732846833161,
      "wind_direction": 53.5,
      "air_pressure": 995.5,
      "humidity": 91,
      "visibility": 10.569213294360932,
      "predictability": 75
    },
    {
      "id": 5088584455421952,
      "weather_state_name": "Heavy Rain",
      "weather_state_abbr": "hr",
      "wind_direction_compass": "SW",
      "created": "2020-02-12T13:33:19.153200Z",
      "applicable_date": "2020-02-14",
      "min_temp": 2.865,
      "max_temp": 9.725,
      "the_temp": 9.530000000000001,
      "wind_speed": 13.26626062018081,
      "wind_direction": 219.42134029171703,
      "air_pressure": 999.5,
      "humidity": 85,
      "visibility": 9.681895231846017,
      "predictability": 77
    },
    {
      "id": 5863418366001152,
      "weather_state_name": "Heavy Rain",
      "weather_state_abbr": "hr",
      "wind_direction_compass": "S",
      "created": "2020-02-12T13:33:22.262328Z",
      "applicable_date": "2020-02-15",
      "min_temp": 3.575,
      "max_temp": 9.28,
      "the_temp": 9.005,
      "wind_speed": 15.55508010622498,
      "wind_direction": 185.69454615725135,
      "air_pressure": 979.5,
      "humidity": 91,
      "visibility": 5.8020535075161055,
      "predictability": 77
    },
    {
      "id": 5430132602830848,
      "weather_state_name": "Light Rain",
      "weather_state_abbr": "lr",
      "wind_direction_compass": "SW",
      "created": "2020-02-12T13:33:25.602274Z",
      "applicable_date": "2020-02-16",
      "min_temp": 2.51,
      "max_temp": 5.949999999999999,
      "the_temp": 6.205,
      "wind_speed": 18.404129007489598,
      "wind_direction": 226.99999999999997,
      "air_pressure": 977.5,
      "humidity": 78,
      "visibility": 9.361578382247675,
      "predictability": 75
    },
    {
      "id": 5623903743377408,
      "weather_state_name": "Heavy Rain",
      "weather_state_abbr": "hr",
      "wind_direction_compass": "W",
      "created": "2020-02-12T13:33:28.228761Z",
      "applicable_date": "2020-02-17",
      "min_temp": 4.220000000000001,
      "max_temp": 8.0,
      "the_temp": 6.63,
      "wind_speed": 15.286797303746123,
      "wind_direction": 262.5,
      "air_pressure": 989.0,
      "humidity": 82,
      "visibility": 9.845005169808319,
      "predictability": 77
    }
  ],
  "time": "2020-02-12T14:39:56.814398Z",
  "sun_rise": "2020-02-12T07:52:44.037440Z",
  "sun_set": "2020-02-12T17:23:59.854538Z",
  "timezone_name": "LMT",
  "parent": {
    "title": "Northern Ireland",
    "location_type": "Region / State / Province",
    "woeid": 20070563,
    "latt_long": "54.636509,-6.812860"
  },
  "sources": [
    {
      "title": "BBC",
      "slug": "bbc",
      "url": "http://www.bbc.co.uk/weather/",
      "crawl_rate": 360
    },
    {
      "title": "Forecast.io",
      "slug": "forecast-io",
      "url": "http://forecast.io/",
      "crawl_rate": 480
    },
    {
      "title": "Met Office",
      "slug": "met-office",
      "url": "http://www.metoffice.gov.uk/",
      "crawl_rate": 180
    },
    {
      "title": "OpenWeatherMap",
      "slug": "openweathermap",
      "url": "http://openweathermap.org/",
      "crawl_rate": 360
    },
    {
      "title": "Weather Underground",
      "slug": "wunderground",
      "url": "https://www.wunderground.com/?apiref=fc30dc3cd224e19b",
      "crawl_rate": 720
    },
    {
      "title": "World Weather Online",
      "slug": "world-weather-online",
      "url": "http://www.worldweatheronline.com/",
      "crawl_rate": 360
    }
  ],
  "title": "Belfast",
  "location_type": "City",
  "woeid": 44544,
  "latt_long": "54.595291,-5.934520",
  "timezone": "Europe/London"
}